Workbook

Sheet Orginal_Data
A1: Customer_ID | B1: Full_Name | C1: Email | D1: Phone | E1: City | F1: Status
A2: C001 | B2: john smith | C2: john.smith@example.com | D2: 5551234567 | E2: istanbul | F2: Active
A3: C002 | B3: MARY JOHNSON | C3: mary.johnsonexample.com | D3: 5552345678 | E3: Ankara | F3: Active
A4: C003 | B4: Ahmet Yılmaz | C4: ahmet.yilmaz@example.com | E4: İSTANBUL | F4: Inactive
A5: C004 | B5: Ayşe Demir | C5: ayse.demir@example.com | D5: 5553456789 | E5: izmir | F5: Active
A6: C005 | B6: Peter Brown | C6: peter.brown@example.com | D6: 5554567890 | E6: Bursa | F6: Active
A7: C005 | B7: Peter Brown | C7: peter.brown2@example.com | D7: 5554567890 | E7: Bursa | F7: Active
A8: C007 | B8: ELIF KAYA | C8: elif.kaya@example.com | D8: 5555678901 | E8: ankara
A9: C008 | B9: Mehmet Arslan | C9: mehmet.arslan@example.com | D9: 5556789012 | E9: İzmir | F9: Inactive
A10: C009 | B10: Sarah Wilson | C10: sarah.wilsonexample.com | E10: Antalya | F10: Active
A11: C010 | B11: Ali Veli | C11: ali.veli@example.com | D11: 5557890123 | E11: istanbul | F11: Active

Sheet Working_Data
A1: Customer_ID | B1: Full_Name | C1: Email | D1: Phone | E1: City | F1: Status | G1: Clean_Name | H1: Formatted_Name | I1: Email_Check | J1: Sugested_Email | K1: Phone_Check | M1: Duplicate_Check | O1: Clean_City | P1: Istanbul_Count | Q1: Izmir_Count | R1: Status_Check | S1: Missing_Status_Count
A2: C001 | B2: john smith | C2: john.smith@example.com | D2: 5551234567 | E2: istanbul | F2: Active | G2: =TRIM(B2) -> john smith | H2: =PROPER(TRIM(B2)) -> John Smith | I2: =IF(COUNTIF(C2,"*@*")>0,"OK","CHECK") -> OK | J2: =IF(I2="CHECK",SUBSTITUTE(C2,"example.com","@example.com"),C2) -> john.smith@example.com | K2: =IF(D2="","MISSING","OK") -> OK | L2: =COUNTIF(K2:K11,"MISSING") -> 2 | M2: =IF(COUNTIF($A$2:$A$11,A2)>1,"DUPLICATE","OK") -> OK | N2: =COUNTIF(M2:M11,"DUPLICATE") -> 2 | O2: =SUBSTITUTE(SUBSTITUTE(PROPER(E2),"Istanbul","İstanbul"),"Izmir","İzmir") -> İstanbul | P2: =COUNTIF(O2:O11,"İstanbul") -> 3 | Q2: =COUNTIF(O2:O11,"İzmir") -> 2 | R2: =IF(F2="","MISSING","OK") -> OK | S2: =COUNTIF(R2:R11,"MISSING") -> 1
A3: C002 | B3: MARY JOHNSON | C3: mary.johnsonexample.com | D3: 5552345678 | E3: Ankara | F3: Active | G3: =TRIM(B3) -> MARY JOHNSON | H3: =PROPER(TRIM(B3)) -> Mary Johnson | I3: =IF(COUNTIF(C3,"*@*")>0,"OK","CHECK") -> CHECK | J3: =IF(I3="CHECK",SUBSTITUTE(C3,"example.com","@example.com"),C3) -> mary.johnson@example.com | K3: =IF(D3="","MISSING","OK") -> OK | M3: =IF(COUNTIF($A$2:$A$11,A3)>1,"DUPLICATE","OK") -> OK | O3: =SUBSTITUTE(SUBSTITUTE(PROPER(E3),"Istanbul","İstanbul"),"Izmir","İzmir") -> Ankara | R3: =IF(F3="","MISSING","OK") -> OK
A4: C003 | B4: Ahmet Yılmaz | C4: ahmet.yilmaz@example.com | E4: İSTANBUL | F4: Inactive | G4: =TRIM(B4) -> Ahmet Yılmaz | H4: =PROPER(TRIM(B4)) -> Ahmet Yılmaz | I4: =IF(COUNTIF(C4,"*@*")>0,"OK","CHECK") -> OK | J4: =IF(I4="CHECK",SUBSTITUTE(C4,"example.com","@example.com"),C4) -> ahmet.yilmaz@example.com | K4: =IF(D4="","MISSING","OK") -> MISSING | M4: =IF(COUNTIF($A$2:$A$11,A4)>1,"DUPLICATE","OK") -> OK | O4: =SUBSTITUTE(SUBSTITUTE(PROPER(E4),"Istanbul","İstanbul"),"Izmir","İzmir") -> İstanbul | R4: =IF(F4="","MISSING","OK") -> OK
A5: C004 | B5: Ayşe Demir | C5: ayse.demir@example.com | D5: 5553456789 | E5: izmir | F5: Active | G5: =TRIM(B5) -> Ayşe Demir | H5: =PROPER(TRIM(B5)) -> Ayşe Demir | I5: =IF(COUNTIF(C5,"*@*")>0,"OK","CHECK") -> OK | J5: =IF(I5="CHECK",SUBSTITUTE(C5,"example.com","@example.com"),C5) -> ayse.demir@example.com | K5: =IF(D5="","MISSING","OK") -> OK | M5: =IF(COUNTIF($A$2:$A$11,A5)>1,"DUPLICATE","OK") -> OK | O5: =SUBSTITUTE(SUBSTITUTE(PROPER(E5),"Istanbul","İstanbul"),"Izmir","İzmir") -> İzmir | R5: =IF(F5="","MISSING","OK") -> OK
A6: C005 | B6: Peter Brown | C6: peter.brown@example.com | D6: 5554567890 | E6: Bursa | F6: Active | G6: =TRIM(B6) -> Peter Brown | H6: =PROPER(TRIM(B6)) -> Peter Brown | I6: =IF(COUNTIF(C6,"*@*")>0,"OK","CHECK") -> OK | J6: =IF(I6="CHECK",SUBSTITUTE(C6,"example.com","@example.com"),C6) -> peter.brown@example.com | K6: =IF(D6="","MISSING","OK") -> OK | M6: =IF(COUNTIF($A$2:$A$11,A6)>1,"DUPLICATE","OK") -> DUPLICATE | O6: =SUBSTITUTE(SUBSTITUTE(PROPER(E6),"Istanbul","İstanbul"),"Izmir","İzmir") -> Bursa | R6: =IF(F6="","MISSING","OK") -> OK
A7: C005 | B7: Peter Brown | C7: peter.brown2@example.com | D7: 5554567890 | E7: Bursa | F7: Active | G7: =TRIM(B7) -> Peter Brown | H7: =PROPER(TRIM(B7)) -> Peter Brown | I7: =IF(COUNTIF(C7,"*@*")>0,"OK","CHECK") -> OK | J7: =IF(I7="CHECK",SUBSTITUTE(C7,"example.com","@example.com"),C7) -> peter.brown2@example.com | K7: =IF(D7="","MISSING","OK") -> OK | M7: =IF(COUNTIF($A$2:$A$11,A7)>1,"DUPLICATE","OK") -> DUPLICATE | O7: =SUBSTITUTE(SUBSTITUTE(PROPER(E7),"Istanbul","İstanbul"),"Izmir","İzmir") -> Bursa | R7: =IF(F7="","MISSING","OK") -> OK
A8: C007 | B8: ELIF KAYA | C8: elif.kaya@example.com | D8: 5555678901 | E8: ankara | G8: =TRIM(B8) -> ELIF KAYA | H8: =PROPER(TRIM(B8)) -> Elif Kaya | I8: =IF(COUNTIF(C8,"*@*")>0,"OK","CHECK") -> OK | J8: =IF(I8="CHECK",SUBSTITUTE(C8,"example.com","@example.com"),C8) -> elif.kaya@example.com | K8: =IF(D8="","MISSING","OK") -> OK | M8: =IF(COUNTIF($A$2:$A$11,A8)>1,"DUPLICATE","OK") -> OK | O8: =SUBSTITUTE(SUBSTITUTE(PROPER(E8),"Istanbul","İstanbul"),"Izmir","İzmir") -> Ankara | R8: =IF(F8="","MISSING","OK") -> MISSING
A9: C008 | B9: Mehmet Arslan | C9: mehmet.arslan@example.com | D9: 5556789012 | E9: İzmir | F9: Inactive | G9: =TRIM(B9) -> Mehmet Arslan | H9: =PROPER(TRIM(B9)) -> Mehmet Arslan | I9: =IF(COUNTIF(C9,"*@*")>0,"OK","CHECK") -> OK | J9: =IF(I9="CHECK",SUBSTITUTE(C9,"example.com","@example.com"),C9) -> mehmet.arslan@example.com | K9: =IF(D9="","MISSING","OK") -> OK | M9: =IF(COUNTIF($A$2:$A$11,A9)>1,"DUPLICATE","OK") -> OK | O9: =SUBSTITUTE(SUBSTITUTE(PROPER(E9),"Istanbul","İstanbul"),"Izmir","İzmir") -> İzmir | R9: =IF(F9="","MISSING","OK") -> OK
A10: C009 | B10: Sarah Wilson | C10: sarah.wilsonexample.com | E10: Antalya | F10: Active | G10: =TRIM(B10) -> Sarah Wilson | H10: =PROPER(TRIM(B10)) -> Sarah Wilson | I10: =IF(COUNTIF(C10,"*@*")>0,"OK","CHECK") -> CHECK | J10: =IF(I10="CHECK",SUBSTITUTE(C10,"example.com","@example.com"),C10) -> sarah.wilson@example.com | K10: =IF(D10="","MISSING","OK") -> MISSING | M10: =IF(COUNTIF($A$2:$A$11,A10)>1,"DUPLICATE","OK") -> OK | O10: =SUBSTITUTE(SUBSTITUTE(PROPER(E10),"Istanbul","İstanbul"),"Izmir","İzmir") -> Antalya | R10: =IF(F10="","MISSING","OK") -> OK
A11: C010 | B11: Ali Veli | C11: ali.veli@example.com | D11: 5557890123 | E11: istanbul | F11: Active | G11: =TRIM(B11) -> Ali Veli | H11: =PROPER(TRIM(B11)) -> Ali Veli | I11: =IF(COUNTIF(C11,"*@*")>0,"OK","CHECK") -> OK | J11: =IF(I11="CHECK",SUBSTITUTE(C11,"example.com","@example.com"),C11) -> ali.veli@example.com | K11: =IF(D11="","MISSING","OK") -> OK | M11: =IF(COUNTIF($A$2:$A$11,A11)>1,"DUPLICATE","OK") -> OK | O11: =SUBSTITUTE(SUBSTITUTE(PROPER(E11),"Istanbul","İstanbul"),"Izmir","İzmir") -> İstanbul | R11: =IF(F11="","MISSING","OK") -> OK

Sheet Issue_Log
A1: 0 | B1: Issue_Type | C1: Action_Required | D1: Status | F1: Total_Open_Issues | G1: Missing_Phone_Count | H1: Resolved_Issues
A2: C003 | B2: Missing Phone | C2: Request missing phone number from client | D2: Open | F2: =COUNTIF(D2:D5,"OPEN") -> 4 | G2: =COUNTIF(B2:B5,"Missing Phone") -> 2 | H2: =COUNTIF(D2:D5,"Resolved") -> 0 | J2: =COUNTIF(D2:D5,"*Open*") -> 4 | K2: =LEN(D2)&" / "&LEN(TRIM(D2)) -> 4 / 4 | L2: =EXACT(D2,"Open") -> TRUE
A3: C009 | B3: Missing Phone | C3: Request missing phone number from client | D3: Open | K3: =LEN(D3)&" / "&LEN(TRIM(D3)) -> 4 / 4 | L3: =EXACT(D3,"Open") -> TRUE
A4: C005 | B4: Duplicate Customer ID | C4: Ask client to confirm whether both records belong to the same customer and which email is correct. | D4: Open | K4: =LEN(D4)&" / "&LEN(TRIM(D4)) -> 4 / 4 | L4: =EXACT(D4,"Open") -> TRUE
A5: C007 | B5: Missing Status | C5: Ask client to confirm the meaning of Status and provide the correct value for C007. | D5: Open | K5: =LEN(D5)&" / "&LEN(TRIM(D5)) -> 4 / 4 | L5: =EXACT(D5,"Open") -> TRUE

Sheet Data_Quality_Summary
A1: Data_Quality_Summary
A3: Total_Customers | B3: =COUNTA(Working_Data!A2:A11) -> 10
A4: Unique_Customers | B4: =IFERROR(__xludf.DUMMYFUNCTION("COUNTUNIQUE(Working_Data!A2:A11)"),9.0) -> 9
A5: Duplicate_Records | B5: =COUNTIF(Working_Data!M2:M11,"DUPLICATE") -> 2
A6: Missing_Phones | B6: =COUNTIF(Working_Data!K2:K11,"MISSING") -> 2
A7: Missing_Status | B7: =COUNTIF(Working_Data!R2:R11,"MISSING") -> 1
A8: Invalid_Emails | B8: =COUNTIF(Working_Data!I2:I11,"CHECK") -> 2
A9: Open_Issues | B9: =COUNTIF(Issue_Log!D2:D5,"Open") -> 4
A10: Resolved_Issues | B10: =COUNTIF(Issue_Log!D2:D5,"Resolved") -> 0
